0,1.08360635859817,1.78435364513044,0.536605465013895,0.953042390588413
0.0371692180633545,1.11531498982602,1.79444818856622,0.560240288353976,0.958210062029298
0.0712528228759766,1.14419657515295,1.80417539614728,0.58163930783212,0.963516183072678
0.105536937713623,1.17305226659167,1.81442493942502,0.602882992420735,0.969408975841921
0.141584396362305,1.20317255315539,1.82571579749178,0.62489782977539,0.976212103935477
0.187169313430786,1.24092846114345,1.84076553859719,0.652239525996453,0.985713115787009
0.222993612289429,1.27033076988972,1.85320983297398,0.673318379899604,0.993885018913832
0.259590625762939,1.30011660365237,1.86649330218735,0.694466784466217,1.0028714534852
0.295169830322266,1.32882720626706,1.87996801323297,0.714644543862232,1.01221993384496
0.33310079574585,1.35916463061796,1.89494916632806,0.735734080153239,1.02283884767009
0.367549896240234,1.38647386185927,1.90911045708123,0.754508111422225,1.03305144374685
0.406108856201172,1.41676695469635,1.92559173548204,0.775095255023608,1.04510109872052
0.439600467681885,1.44284604433862,1.94044878609313,0.792616458829903,1.05607386312982
0.473828554153442,1.46927846939347,1.95615241191431,0.810185309486683,1.06774765385109
0.503403902053833,1.49194252470085,1.9701430033348,0.825099795522028,1.07818591403897
0.546788692474365,1.52490442911037,1.99136789644808,0.846551692329224,1.09404010136488
0.585895538330078,1.55433893292602,2.01120647540419,0.865478376329645,1.10882855313652
0.621445655822754,1.58088167430365,2.02981212801955,0.882369991172356,1.12263084234986
0.673428058624268,1.61935416150414,2.05797416120396,0.90657718701094,1.14333135557062
0.710613965988159,1.6466522996212,2.07879699365465,0.923567945684763,1.15844698907663
0.74896502494812,1.67463403572932,2.1008433042092,0.94083414541593,1.17424253493879
0.789198160171509,1.70382662161442,2.1245722294865,0.958692449220391,1.19097852397145
0.825323104858398,1.7299195179604,2.14638131660047,0.974523761412106,1.20610027076686
0.866553068161011,1.75959027799492,2.17182781784751,0.992376110937802,1.22341305927699
0.906787872314453,1.78846156769678,2.19720294712098,1.00959092655001,1.2403106544481
0.955815076828003,1.82357399367691,2.228805575838,1.03030820548628,1.26083262893202
0.99570369720459,1.85212041215543,2.25503632022671,1.04696148770407,1.27742203587148
1.03566360473633,1.88072831816988,2.28175022701127,1.06346521478949,1.29390273785421
1.0737636089325,1.90803831529133,2.30760200992003,1.07903256577475,1.30945571405274
1.1107223033905,1.93458196426936,2.33301258423428,1.09397315626916,1.32436733127059
1.14591932296753,1.95992433650031,2.3574980330435,1.10804974518469,1.33838762808503
1.18866991996765,1.990810002496,2.3875888982837,1.12493905870564,1.35515604367859
1.22165656089783,2.01473350758944,2.41105303881199,1.13780707569011,1.36788409213723
1.25881218910217,2.04178914368106,2.43772198720843,1.15212114348109,1.38198727481533
1.29563117027283,2.06872400464193,2.46438341834929,1.16610716105033,1.39570700022899
1.34122014045715,2.10226020222808,2.49769518501967,1.18313481635517,1.4123269643477
1.38251185417175,2.13282374667417,2.5281318982816,1.19826452901777,1.4270172228219
1.41703724861145,2.15852261279574,2.55376011921995,1.21068971068762,1.43902859561238
1.45126080513,2.18412942218645,2.57931437102652,1.22279463176863,1.45068671612274
1.48907208442688,2.21257653893704,2.60770982988096,1.23591381653126,1.46327642799779
1.52318215370178,2.23838034710327,2.63346224793544,1.24751127656118,1.47437034666217
1.55953669548035,2.26602919899366,2.66104193285974,1.25961600516967,1.48591847100346
1.59858274459839,2.29589216037379,2.69080521542701,1.27231494632122,1.4980050937995
1.63625621795654,2.32486598555625,2.71965090616364,1.28426437757334,1.50935790560556
1.67629551887512,2.35582682213423,2.75043538239818,1.29663223930585,1.52109441388154
1.72185802459717,2.39125922984811,2.7856116823116,1.31028525989004,1.53404353998873
1.7602801322937,2.42129548838144,2.81538381747581,1.32144876867555,1.54463390277843
1.79922199249268,2.45187428713967,2.8456494029141,1.33243752135741,1.55506765213428
1.83610057830811,2.48094954986933,2.8743864720817,1.34254452079416,1.56467806637915
1.87048602104187,2.50815231949265,2.90123882392584,1.35170981012098,1.57340922011307
1.90374112129211,2.53453777372084,2.92725490595123,1.36034154714215,1.58164995564401
1.93963265419006,2.56308991160699,2.95537716840744,1.36940830926728,1.59032843551328
1.97573733329773,2.5918787701766,2.98370389878118,1.37827685914511,1.59884298017675
2.01321291923523,2.62181892642319,3.01313658114474,1.38722657287325,1.60746466623796
2.04553389549255,2.64767772049164,3.03853813372393,1.3947469536439,1.61473428956987
2.09593868255615,2.68804900245448,3.07816721278421,1.40613416991213,1.6257884439476
2.13349270820618,2.71814320074756,3.10769111096385,1.41437103057147,1.63382109520193
2.16909193992615,2.74666693570283,3.1356652808204,1.42200467363179,1.64129357755063
2.20430135726929,2.7748604543824,3.16331060109811,1.42940636912,1.64856462722582
2.24043369293213,2.80375981633775,3.19164649091288,1.4368690801536,1.65592035656004
2.27818512916565,2.83390174181261,3.22120286715796,1.44454619811557,1.6635118518242
2.31692981719971,2.86476255141676,3.25147041107348,1.4523254864907,1.67122741179372
2.35046529769897,2.8913985250834,3.2776023995677,1.45900041366538,1.67786394895237
2.39001512527466,2.92270293464223,3.30832737981984,1.466832077829,1.68566672872354
2.42303419113159,2.94873355567395,3.33388919821094,1.47336095923699,1.69218230598842
2.46923804283142,2.98497347893085,3.36949981886165,1.48252447710626,1.7013391800516
2.52799248695374,3.03069613941713,3.41447353750818,1.49430884814602,1.71312706186203
2.56606507301331,3.06007719640128,3.44340308884358,1.50207795503898,1.72090102388097
2.60381174087524,3.08899222306334,3.47189841915776,1.50992408585789,1.72875108095995
2.63985133171082,3.11638262649918,3.49891495885842,1.51758035631005,1.7364083973592
2.67948293685913,3.14623813243359,3.52839021490554,1.52622222067319,1.7450465898176
2.71694564819336,3.17418528135512,3.5560078429784,1.53464060845501,1.75345551789312
2.75062561035156,3.19906704329482,3.58061803842809,1.54244452818647,1.76124515116366
2.78523397445679,3.22437973787369,3.60567563969775,1.55072279820082,1.76950252190494
2.82121014595032,3.2504032656717,3.63145908617959,1.55963511499442,1.7783861275855
2.86688542366028,3.28299182308658,3.66377824834045,1.57144683877683,1.79015102908922
2.90234518051147,3.30792417943413,3.68852739186813,1.58103522732167,1.79969525322567
2.94174218177795,3.33522730168216,3.71565182462718,1.59215374780201,1.81075714884387
2.97653889656067,3.35897782032508,3.73926475396658,1.60241001510255,1.82095731873937
3.01209139823914,3.38287524822749,3.76303959710267,1.61333847854172,1.83182320884003
3.04669904708862,3.40576478110971,3.78582568570868,1.62443721347559,1.84285660622279
3.0786235332489,3.42654122739855,3.80651919909828,1.63509861046452,1.85345448178541
3.11456561088562,3.44952954748928,3.82942683647631,1.64761010495595,1.86589147862852
3.14902901649475,3.471157592301,3.85098846956371,1.66013401709729,1.87834174453192
3.18407130241394,3.49271861651836,3.87249123124718,1.67341865043321,1.89155003905239
3.22913098335266,3.51978295174142,3.89949162400279,1.69134880122356,1.90938104649729
3.26574397087097,3.54120812819787,3.92087166461246,1.70664591947839,1.92459770715357
3.30604863166809,3.56418698167132,3.94380552650254,1.72426601868143,1.94213021686977
3.34774494171143,3.58726913500608,3.96684389179813,1.743380646669,1.96115609932395
3.39589285850525,3.61302098130772,3.99254551825752,1.76660543244729,1.9842816203427
3.43489527702332,3.63315103241592,4.01263290766237,1.78634592153172,2.00394467878742
3.47251558303833,3.65193098232155,4.03136835342048,1.80618827893272,2.02371507997704
3.50973796844482,3.66988198811647,4.04927076756549,1.82660635462613,2.0440646354632
3.54574012756348,3.68663471526915,4.06597111194361,1.84710672508506,2.06450117892429
3.58073592185974,3.70233250957191,4.08161205911003,1.86774819821841,2.08508273984791
3.62303709983826,3.72051936107279,4.09972140617643,1.89364361893849,2.11090817801831
3.65938925743103,3.73544619007154,4.11457324108952,1.91672581248649,2.13393194395947
3.69619512557983,3.74988565106184,4.12892835513737,1.94087615559076,2.15802426819694
3.73108863830566,3.76293874926238,4.14189335240066,1.96449421683398,2.18158791822116
3.76812505722046,3.77610572587206,4.15495794780986,1.99032750567728,2.20736355190191
3.80454111099243,3.78835176003578,4.16709433158203,2.01648922166974,2.23346812184697
3.84047865867615,3.7997469159185,4.17837258590859,2.04303833528022,2.25995984786743
3.87938189506531,3.81130015144827,4.18978971747054,2.0725846559652,2.28944232226167
3.92043852806091,3.82260026827221,4.2009357768812,2.10465800067584,2.32144566288695
3.9567768573761,3.8318287260556,4.21001937491363,2.1337915872286,2.35051450611638
4.00355958938599,3.84262971087709,4.22062288535596,2.17230055579361,2.38893558388639
4.03963017463684,3.8501202925349,4.22795345523833,2.20273691212312,2.41930026813943
4.07765102386475,3.85722063294383,4.23487856247412,2.23549485791623,2.4519786823216
4.11512017250061,3.86341465944236,4.24089405584452,2.26842950758154,2.48483077278485
4.15206384658813,3.86873719414121,4.24603567407101,2.30150782202809,2.51782354117897
4.1859233379364,3.87292852300625,4.25005762847591,2.33232744550281,2.54856116069955
4.22426104545593,3.87687889767853,4.25381296325331,2.3677725358359,2.58390935959495
4.26100611686707,3.8798709568873,4.25661569880024,2.40225994950643,2.61830008651031
4.30052661895752,3.88222057081486,4.25876009775115,2.43987520902739,2.65580752893086
4.33865332603455,3.88363448595044,4.25997547788974,2.47663709082853,2.69246207824705
4.40186810493469,3.88413660103641,4.26014989316314,2.53850046126882,2.75414177313324
4.43547296524048,3.88347092367646,4.2593120534796,2.57179301310149,2.78733461279166
4.46808671951294,3.88220860857695,4.25788481926583,2.60433592874777,2.81977997511646
4.50129103660583,3.88030258101802,4.2558136933176,2.63767344564877,2.85301787933132
4.53352904319763,3.87785581005114,4.25320991099139,2.67021022688181,2.88545816053598
4.56749439239502,3.87464638316151,4.24983916039557,2.70463947207749,2.91978651629551
4.60535025596619,3.87031133499582,4.24533000576847,2.74315236221815,2.95818861851065
4.63914012908936,3.86577266050526,4.24064164001876,2.77761663345985,2.99255612509704
4.67696523666382,3.85995045507453,4.23465897772672,2.81625227860132,3.03108657130076
4.71280789375305,3.85371830128692,4.22828236290457,2.85287615819895,3.06761450539875
4.75481367111206,3.84554010215313,4.21994508845422,2.89575916934546,3.11039060017508
4.79005551338196,3.83796066814697,4.21224134760427,2.93166084302076,3.14620786590838
4.8220489025116,3.83052049042524,4.2046960168187,2.96415956903085,3.17863464025681
4.85826015472412,3.8214664754437,4.19553229676454,3.00079920180454,3.21519869954434
4.89289379119873,3.81218779599272,4.18615838473412,3.03566482125509,3.24999830936979
4.92369627952576,3.80343518118318,4.17732937388849,3.06649958374075,3.28077984147855
4.96043610572815,3.79239016548831,4.16620385184875,3.10302960181436,3.3172534662675
4.99523186683655,3.78133363987323,4.15508209929369,3.13734416930145,3.35152205013805
5.02798986434937,3.77040534481975,4.14410250844621,3.16936849567981,3.38350992060909
5.07725143432617,3.75304565153475,4.12668473095092,3.21695593059741,3.43105538728356
5.11940932273865,3.73732987698096,4.11093797358331,3.25707961868421,3.47115569863756
5.15520858764648,3.72338027617394,4.09697599217089,3.29067550532631,3.50474094935594
5.19107604026794,3.70886296936675,4.08245938313411,3.32386526693331,3.53792859827985
5.22583961486816,3.69428964903592,4.06789947125912,3.35555760023774,3.56962705506762
5.25935411453247,3.67978449944255,4.05341928897487,3.38564438014765,3.59972733323175
5.29757785797119,3.66271181817428,4.03638969659518,3.41937250649724,3.63347989940043
5.33379507064819,3.64603154491583,4.01976477216926,3.45072863968174,3.66486800153812
5.37125682830811,3.62828025484716,4.00208572942176,3.48252184076123,3.69670318565248
5.40312314033508,3.6127956611136,3.98667466623271,3.50903649769948,3.72326060056979
5.43961024284363,3.59464716304281,3.96862404118336,3.53878008440342,3.7530609910598
5.4827196598053,3.57265196790067,3.94676332565782,3.57305157773696,3.78741023387913
5.5202648639679,3.55302947321831,3.92727455243029,3.60211230518558,3.81654792016328
5.55721831321716,3.53331220363134,3.90770391108536,3.62998416356553,3.84450380980913
5.59532189369202,3.51258134573136,3.88713971408126,3.65795156674349,3.87256636331339
5.63113355636597,3.49274543309078,3.86747458926103,3.68351272785921,3.89822474342367
5.66308617591858,3.47477326790448,3.84966621561507,3.70572125988319,3.92052634353087
5.69865036010742,3.45448149041043,3.82956916815259,3.72977183289604,3.94468748072533
5.73511147499084,3.4333795718785,3.80868018250839,3.75369466062487,3.96873126511606
5.77568745613098,3.40956267098909,3.78511561385977,3.77944101962758,3.99462126739195
5.81184697151184,3.38806130354427,3.76385228617402,3.80160720589837,4.01692348386134
5.85460591316223,3.36232363548514,3.73841142696764,3.8268757518492,4.04236265692971
5.89390206336975,3.33839503554811,3.71476949443325,3.84920192151899,4.06485499132075
5.92699241638184,3.31805728836263,3.69468285945612,3.86734212290836,4.08314207858913
5.96298766136169,3.29575480960619,3.6726629686175,3.88639643162883,4.10236340049215
5.99756574630737,3.27416910222148,3.65135730546853,3.9040428103927,4.1201773053022
6.03343510627747,3.25162569284832,3.62911250926863,3.92167690195731,4.1379924885847
6.07007789611816,3.22845280654991,3.60625231855516,3.93899721460456,4.15550542218991
6.10494089126587,3.20628574439453,3.58438904283469,3.95483751784881,4.17153605116059
6.15062069892883,3.17708765302721,3.55559672020793,3.97467191638316,4.19163002435716
6.19197487831116,3.15052764229314,3.52940994349862,3.99175201368851,4.20895477242776
6.23339223861694,3.12382889648651,3.50308883202961,4.00805032678488,4.22550687737305
6.27027058601379,3.09999067070969,3.47958860756002,4.02190431929885,4.23959379696758
6.30594611167908,3.07688553252162,3.45681070209361,4.03473652941037,4.25265710777507
6.34014081954956,3.0547103723426,3.43494824702301,4.04652817135853,4.26467511152801
6.37906503677368,3.02944751005393,3.41003873468842,4.05936849554218,4.2777782167857
6.41724371910095,3.00466145286766,3.38559495467885,4.07138560785801,4.29005754599672
6.45365357398987,2.98103011891025,3.36228451897293,4.08233745678104,4.30126271334989
6.48500943183899,2.96069303559838,3.34221831888952,4.09138917620775,4.31053441873053
6.5221700668335,2.93661808035893,3.31845645342133,4.10168299993954,4.32109021293555
6.55851554870605,2.91310985615961,3.29524465512741,4.11131900132181,4.33098269121886
6.60579586029053,2.88260268415433,3.26510609020934,4.12325415462838,4.34324987904059
6.64416766166687,2.85791793425906,3.24070426576337,4.13247506216779,4.35273713095892
6.68462204933167,2.83197772564748,3.21504450672002,4.14177813704897,4.36231604699319
6.72606348991394,2.80550574215075,3.18883875512531,4.15089661802449,4.37170975386251
6.76265907287598,2.78222306306803,3.16577176630264,4.15863008783225,4.37967829441251
6.80401396751404,2.7560274900917,3.13979615948215,4.16704036600024,4.38834310593189
6.8444447517395,2.73054367022121,3.11450117754268,4.17495607962003,4.39649407041213
6.89010834693909,2.70192139357777,3.08605878784574,4.18357014153027,4.40535480878898
6.93134927749634,2.67622458399425,3.06049209285387,4.19108645568958,4.41307395065398
6.96789312362671,2.65358110390648,3.03793688424872,4.19756288990941,4.41971228503119
7.01640844345093,2.62370982743876,3.00814170915299,4.20592979449047,4.42826533694042
7.06545758247375,2.59373628900051,2.97819541957653,4.21416241854764,4.4366493091485
7.10976982116699,2.56685724054312,2.95129640486409,4.22144019968477,4.44402896104017
7.14742612838745,2.5441664445487,2.92855443710971,4.22752866398493,4.45017605511903
7.18221092224121,2.52332977462641,2.90764201670319,4.23308993194915,4.45576738406652
7.22442150115967,2.49820466340587,2.88238770611994,4.23977548958736,4.46245686921737
7.26642966270447,2.47337307907797,2.85738653364027,4.246379350565,4.46902774757644
7.30636548995972,2.44992490913731,2.83373898215713,4.25262796014464,4.47520969064668
7.34822201728821,2.42551216851101,2.80907732034303,4.25916146099537,4.48163539945829
7.38933229446411,2.40169383912983,2.78497488258537,4.26557598301971,4.48790557882054
7.4361686706543,2.37474476998498,2.75765477490886,4.27289504187183,4.49501322153374
7.47400450706482,2.35311498324685,2.73568899450042,4.27882490239107,4.50073567615326
7.5135772228241,2.33062135987812,2.71281001277615,4.28504992308318,4.50670895598748
7.55387687683105,2.30784433006886,2.6896057859091,4.29141800257361,4.51278457080267
7.59375929832458,2.28542555543441,2.66673078701766,4.29775161818741,4.5187936494814
7.63544368743896,2.26211637169598,2.6429105533312,4.30440619079592,4.52507283322495
7.67181944847107,2.24187133816048,2.62219221157749,4.31024198244234,4.53055197156692
7.70809149742126,2.22176642572797,2.60159118681747,4.31608621910911,4.53601483046914
7.74449181556702,2.20166670155897,2.58097061664039,4.32197370695491,4.54149511658757
7.78448605537415,2.17966253531771,2.55836926041329,4.32846420359214,4.54751177034292
7.84039950370789,2.14902306869831,2.52685473739393,4.33756445164719,4.55590738246077
7.90685296058655,2.11276089146526,2.48949874089714,4.34839216319896,4.56584235849485
7.95624375343323,2.08589090667296,2.46178349682058,4.35642315709269,4.57317800050533
7.98790884017944,2.06869034475513,2.44402877544919,4.36155338435594,4.57785103889892
8.02453660964966,2.04881123478647,2.42349849475354,4.36745998969736,4.58322004271596
8.06402516365051,2.02739089362232,2.40136590023399,4.37378336770358,4.58895593678351
8.0980064868927,2.00895946741754,2.38231475915974,4.37917768823279,4.59384040816546
8.12955760955811,1.99184114953956,2.36461676043565,4.38413874192422,4.5983263045673
8.16003823280334,1.97529373857068,2.34750653611757,4.38888072876664,4.60260912511952
8.19367551803589,1.95701529611973,2.32860506031807,4.39404734619462,4.60727054591807
8.23535799980164,1.93433015529341,2.30514706110039,4.40033873686305,4.61294076025247
8.2680881023407,1.91648243220349,2.28669339976641,4.40518130510313,4.61730135537641
8.3106906414032,1.89319451652028,2.26262016662307,4.41133920797307,4.62284230812742
8.34357094764709,1.87516946453361,2.24399313587104,4.41596729233553,4.62700415821674
8.37724184989929,1.85665743091017,2.22486968969771,4.42058306538861,4.63115305402802
8.4067440032959,1.8403877516305,2.20806941384235,4.42451637844448,4.63468717690417
8.43712043762207,1.8235828047055,2.19072398347265,4.42845014779181,4.63822053405002
8.46933054924011,1.80569947435653,2.17227488822924,4.43248422814765,4.64184274647704
8.50061798095703,1.78826039261937,2.15429432059125,4.43625913285494,4.64523098015255
8.53224039077759,1.77056149364319,2.13605701806457,4.43992214532357,4.6485173768376
8.56962513923645,1.74953598026682,2.11440752112499,4.44404366672292,4.65221297407847
8.60184502601624,1.73132133179808,2.09566680900832,4.44740422868972,4.6552239122584
8.63750958442688,1.71105174790095,2.07482840645051,4.45090641181549,4.65835852073155
8.66766738891602,1.69381906311911,2.05712636891338,4.45368128432995,4.66083882452186
8.70326733589172,1.67336177064092,2.03612938166612,4.45672728602139,4.66355651140833
8.73611617088318,1.6543701667224,2.01665409442694,4.45930867523913,4.66585369498472
8.76762223243713,1.63604668853996,1.99788001215733,4.46157017722948,4.66785947449689
8.79957294464111,1.61735243867022,1.97874243696481,4.46364214056786,4.66968883078186
8.83149933815002,1.59855580300926,1.95951680210991,4.46548299936281,4.67130384734357
8.86271739006042,1.58005999834332,1.94061524310937,4.46705492310356,4.67267064005617
8.90070605278015,1.55739312710607,1.91747313525223,4.46865518450181,4.67404163018827
8.933424949646,1.5377261577268,1.89741326639063,4.46975140465449,4.67495765913727
8.96510648727417,1.51855208250019,1.87787326805012,4.4705583209672,4.67560468886165
8.9971034526825,1.49905375802983,1.85801986553929,4.47111400811383,4.67601279089201
9.03237748146057,1.47739995684848,1.8359914204334,4.47141908392904,4.67617046088431
9.06432414054871,1.45764261497939,1.81590986251378,4.4714124435543,4.67604329913546
9.09670615196228,1.43747188578268,1.79542497545802,4.47112718137888,4.67564757697573
9.12914204597473,1.41711997077994,1.7747727926746,4.47055676768505,4.67497742464082
9.15917658805847,1.39814135081698,1.7555287918931,4.46977178724179,4.67410900385392
9.19440460205078,1.37571560956976,1.73280699298322,4.46853343538812,4.67278265262495
9.2338707447052,1.35037757511527,1.70715633077297,4.46673546025271,4.67089728004907
9.26307678222656,1.33147958568733,1.68803960999182,4.46512372637919,4.66922749037784
9.29572868347168,1.31020268678438,1.66653052771299,4.46303738667727,4.66708194470262
9.32367706298828,1.29186496626042,1.64800415092813,4.46101245247698,4.66501040303421
9.35747003555298,1.26953689518188,1.62546001378176,4.45826910949905,4.66221481975836
9.39447402954102,1.24489135763764,1.60059248882969,4.45489485273456,4.65878737680666
9.42948818206787,1.22138232755276,1.5768869304356,4.4513464050241,4.65519133185121
9.46042394638062,1.20045887724741,1.55580035121429,4.44792461763734,4.65172884515122
9.49275183677673,1.17844101296935,1.53362213381656,4.44406300009438,4.64782528239707
9.52532505989075,1.15609851120661,1.51112809856552,4.43987858313988,4.64359847885293
9.56320214271545,1.12992003513063,1.48478551730853,4.43464566642804,4.63831520695174
9.59644150733948,1.10677256774158,1.46150425895658,4.42973175154782,4.63335541540264
9.62697196006775,1.0853690387732,1.43998586440356,4.42495662328764,4.62853622217442
9.65766906738281,1.06371222533403,1.41822095516774,4.41990615360259,4.62343916129058
9.6910548210144,1.0400047308599,1.39440393227758,4.41413382074037,4.61761313527515
9.72272038459778,1.01737226762766,1.37167495785197,4.40839432435375,4.61181945994789
9.76978397369385,0.983474675679627,1.33764645802293,4.39939845143526,4.60273664878294
9.80480360984802,0.958053726926874,1.31213728089914,4.39235262396247,4.59562084493308
9.83683443069458,0.934657224806293,1.28866655467032,4.38565237847158,4.58885251346494
9.86558794975281,0.913538546210704,1.26748627021473,4.37943488298371,4.58257055455337
9.90805268287659,0.882152747226057,1.23601775838778,4.36991219622007,4.57294696211657
9.93736577033997,0.860353608753557,1.21416701364949,4.36310950472141,4.56607078632783
9.97214889526367,0.834348474287651,1.18810619096824,4.35480335771792,4.5576736315128
9.99898314476013,0.814186196009637,1.16790491297934,4.34822771408877,4.5510251656967
10.0304760932922,0.790415318690109,1.14409251277471,4.34033114964179,4.54304053755461
10.0574014186859,0.770001778188353,1.12364700315368,4.33343196253016,4.53606411641195
10.0882976055145,0.746478078614705,1.10009052279241,4.32535423488464,4.52789594495906
10.1184015274048,0.723458257496728,1.07704268367182,4.31732528598187,4.51977744406546
10.1518106460571,0.697800208285226,1.05135798599681,4.30824102562828,4.5105927621455
10.1815483570099,0.674867308751537,1.02840524827637,4.30000950086358,4.50227152165985
10.218460559845,0.646283100368541,0.999801462279657,4.28961322800923,4.49176435764039
10.2510087490082,0.62097431166877,0.974480046225774,4.28029281489043,4.48234747984866
10.2807247638702,0.597786808003688,0.951284833492102,4.27166722488851,4.47363566645522
10.3123528957367,0.573026635874841,0.926520515368872,4.26237410511937,4.4642535184131
10.3428740501404,0.549058403800658,0.902552329020738,4.2533053167743,4.45510230307925
10.374552488327,0.524108344132384,0.877606631937688,4.24379757317454,4.4455135077006
10.4021995067596,0.502276370624932,0.85578216992576,4.23542849580791,4.43707815815115
10.4322893619537,0.478458896777119,0.831976937550665,4.22625278947789,4.42783582252866
10.4626846313477,0.454344156395403,0.807879041184931,4.21692167953708,4.41844403424308
10.4951233863831,0.428551673046968,0.782109735551184,4.20690454679265,4.40837043535369
10.5337135791779,0.397799678190561,0.751392706346793,4.19492418846881,4.39633542375685
10.5641674995422,0.373484786800204,0.727111425093544,4.18543267737089,4.38681141512304
10.5954513549805,0.348469931560742,0.702136973146391,4.17565915724795,4.37701517929447
10.6259760856628,0.324030590812189,0.677743144289189,4.16610960719333,4.36745465535985
10.6557831764221,0.300140584000201,0.653903741280986,4.15678107805181,4.35812676221253
10.6876556873322,0.274572901818521,0.628397331274017,4.14681229245665,4.34817176268107
10.723705291748,0.245633793189367,0.599537050234396,4.13555776649799,4.33694998027657
10.7556991577148,0.219938670152555,0.573920943259467,4.12559965793053,4.32703683458733
10.784196138382,0.197047711655094,0.5511080138565,4.11676284382123,4.31825308075024
10.8166019916534,0.17101758093392,0.52517592861339,4.1067613003512,4.30832713545969
10.8578200340271,0.137919761926378,0.492218122838273,4.09412913784357,4.29581501521752
10.8883528709412,0.113416983546989,0.46783086763266,4.08484778856903,4.28663999745598
10.9197914600372,0.0882069190569758,0.442750943774028,4.07536894965585,4.2772861318766
10.9505016803741,0.063605731586699,0.418288469160385,4.06619471523447,4.26824902695618
10.9777545928955,0.0417991608876971,0.396615093527984,4.05813047563981,4.26031874859341
11.0081663131714,0.0174978568400456,0.372474197504702,4.04922450905934,4.25157558373037
11.0377852916718,-0.00613169965787397,0.349013373324682,4.04065207001781,4.24317479302709
11.0819339752197,-0.0412716473993569,0.314149071414494,4.02807507199903,4.23087649183044
11.1145036220551,-0.0671243204630671,0.288519224760639,4.01896193103056,4.22198540658927
11.1481783390045,-0.0937826621558906,0.262109515840825,4.00969706326864,4.21296365290092
11.1845498085022,-0.122485542018579,0.23369688921668,3.99988006755628,4.20342327419247
11.2160840034485,-0.147287870079059,0.209165141252061,3.99153606122386,4.19532959755437
11.2479820251465,-0.172290998682577,0.184454185460467,3.98326070450031,4.18731608460219
11.2780239582062,-0.195754882361826,0.161282913646072,3.97562395481685,4.17993269055356
11.3073396682739,-0.218567297808574,0.138772708258176,3.96832325467773,4.17288440434223
11.3386125564575,-0.242805128372586,0.114875746348778,3.96070452539255,4.1655393290242
11.3661193847656,-0.264035960631342,0.0939607202134306,3.95415116638761,4.15922935555013
11.3959157466888,-0.286935674610321,0.0714201421516761,3.94721164297909,4.15255518402247
11.4268217086792,-0.310574480375627,0.0481726668595217,3.94019169776174,4.14581112234995
11.4581744670868,-0.334430516562692,0.0247332037256157,3.93325815557972,4.13915682213238
11.4952878952026,-0.362498921718083,-0.0028167513214874,3.92529817509487,4.13152480006956
11.5242195129395,-0.384244520358785,-0.0241393865127594,3.91928064763714,4.12575974476075
11.5559303760529,-0.407936567016967,-0.0473492979068278,3.91287476859862,4.1196262203633
11.5871965885162,-0.431144100217361,-0.0700629875273345,3.90675313016128,4.11376762361346
11.6187171936035,-0.454380731259585,-0.0927838759422074,3.90077659346042,4.10804981111622
11.6522614955902,-0.47892554891175,-0.116761067551532,3.89462993869468,4.10217047157686
11.6796894073486,-0.498848645064069,-0.136206484931505,3.88976613022924,4.09751855149707
11.7110157012939,-0.521436337584356,-0.158234753447542,3.88438702151997,4.09237363895284
11.7392604351044,-0.541644020523543,-0.177926425850563,3.87969535165468,4.08788572765267
11.7696838378906,-0.563236925053249,-0.1989524816565,3.87480627119121,4.08320812685013
11.8086924552917,-0.590650237797746,-0.225624616362869,3.8687803928891,4.07744129361502
11.8411512374878,-0.613218273648373,-0.247565967975261,3.86396732605044,4.07283365903469
11.8813996315002,-0.640884576151877,-0.274446226907476,3.85824167900053,4.06735069293771
11.9241926670074,-0.669899195200682,-0.302619183941668,3.85243259473014,4.06178635816007
11.9627892971039,-0.695700239635172,-0.327660887999431,3.84742282460307,4.05698727362895
12.0053763389587,-0.723747785193543,-0.354876427462295,3.84212718648,4.05191533456695
12.0401375293732,-0.746302552817319,-0.376761322339699,3.83796871293902,4.0479345653258
12.0783619880676,-0.770741373703489,-0.400478228108285,3.83354775682057,4.04370613996034
12.1134366989136,-0.792821884829306,-0.421914425243881,3.82961409236595,4.0399484855097
12.1481835842133,-0.814361665421399,-0.442837434726182,3.82581638622516,4.03632644780669
12.1970756053925,-0.844089668858591,-0.47174220314405,3.82060687799532,4.03136982539374
12.237135887146,-0.867926901119326,-0.494951401743291,3.81642394936961,4.02740207502045
12.2744829654694,-0.889715099611736,-0.516198069769106,3.81256660751914,4.02375402318862
12.3170492649078,-0.914023752859731,-0.539948043060164,3.80818851424302,4.01962670514628
12.3621220588684,-0.939139623321374,-0.564548131907385,3.80353468926771,4.01525435289442
12.397317647934,-0.95829502994839,-0.58336011244226,3.79985967340746,4.01181113310972
12.4344744682312,-0.978074585944574,-0.602837756638086,3.79591469458644,4.00812221818477
12.4632751941681,-0.993087749172406,-0.617661990955215,3.79279471836213,4.00520830757144
12.4960296154022,-1.00981927761005,-0.634228449099722,3.78916360938946,4.00181875872299
12.5249216556549,-1.02427153682363,-0.64858032937323,3.78587379605373,3.99874738126727
12.562625169754,-1.04269447899552,-0.666937359082784,3.78143686934042,3.99460099846032
12.5945734977722,-1.05791397886391,-0.682159237454673,3.77753102123784,3.99094393311609
12.6236324310303,-1.07144245651082,-0.695736178104578,3.77384699053493,3.98748608205336
12.6542026996613,-1.08534879482363,-0.709740447384209,3.76982197355972,3.98369651535885
12.6843945980072,-1.09875335161502,-0.723287727578682,3.76568242180769,3.97978436008805
12.7155046463013,-1.11222136739772,-0.736948624498234,3.76123128586713,3.97555913745512
12.7585043907166,-1.13025978506431,-0.755324795372492,3.75474070124165,3.96936052606596
12.7928328514099,-1.14417963383399,-0.769567324667305,3.74925307186175,3.96408339550037
12.8206491470337,-1.15514606289795,-0.780824770416338,3.7445920937606,3.95957456832898
12.8506288528442,-1.16665285161549,-0.7926694549574,3.73934051478168,3.9544652558704
12.8946647644043,-1.18297021450089,-0.809515322428877,3.73117024654244,3.9464565241761
12.9289026260376,-1.19518071816685,-0.822149359015315,3.72441869745006,3.93978618991335
12.9587767124176,-1.20549869076062,-0.832834395361395,3.71822535188169,3.93362857852636
12.9943721294403,-1.21738941067161,-0.845144528422774,3.71045891147733,3.92585885948887
13.0231609344482,-1.2266908384586,-0.854758250364696,3.70385533389409,3.91921445518176
13.0557858943939,-1.23689742676463,-0.865273958063352,3.69600727034322,3.91127784352402
13.0883338451385,-1.2467340603814,-0.875353716816597,3.6877749693267,3.90291251727711
13.1180453300476,-1.25541982098019,-0.884187275268936,3.67989383949979,3.89487217325319
13.1515111923218,-1.26487778386996,-0.893705281836798,3.67058056365858,3.88533931339883
13.1806674003601,-1.27284626063446,-0.901614611929823,3.6620748196713,3.87661140624473
13.2211456298828,-1.28350778689582,-0.911985585978941,3.64963450811683,3.86382482143671
13.2537660598755,-1.29177648732325,-0.919811078478533,3.63905164380553,3.85294209317166
13.2831304073334,-1.2989865617496,-0.926436025978567,3.62908113103581,3.84269680344507
13.318051815033,-1.30729010069342,-0.933781371200558,3.61665365400624,3.82995278965246
13.3477265834808,-1.31412925374029,-0.939554047770679,3.60558709390074,3.81864220557503
13.3822298049927,-1.32184921972808,-0.945707028605834,3.59211032270022,3.80493399962508
13.4155025482178,-1.32907677224917,-0.951053923713491,3.57846734154191,3.79114867051619
13.4436657428741,-1.33504267084877,-0.955116402190878,3.5664025397335,3.77904928688732
13.4756145477295,-1.34165828092328,-0.959196481791909,3.55211891881424,3.76485104902045
13.505113363266,-1.3476376687984,-0.962452243479214,3.53834501399742,3.75130311182627
13.5419962406158,-1.35496139516854,-0.965813948376373,3.52029825909967,3.73378586849512
13.5734162330627,-1.36108535883858,-0.968041040984518,3.50417066582392,3.71837169690681
13.6036939620972,-1.36690238405561,-0.9696203899763,3.48794559640366,3.7031056338057
13.6330547332764,-1.37247733468411,-0.970610581786881,3.47154664867455,3.68793065532558
13.6633460521698,-1.37817363940465,-0.971064222895617,3.45391660046237,3.67190852959061
13.6921644210815,-1.38355180979241,-0.970952699145008,3.43645035999472,3.65633696163513
13.7216954231262,-1.38903169523294,-0.970282272376797,3.41782809454663,3.64006561586419
13.7541959285736,-1.39503730708858,-0.968886987044863,3.39646001940303,3.6218114200697
13.7795341014862,-1.39970813461037,-0.967317513101408,3.37914903781103,3.60734304524102
13.815416097641,-1.40631571022906,-0.964368577778376,3.35363216067594,3.5865224636845
13.8541538715363,-1.41345204122531,-0.960225541534951,3.32473439699545,3.56364001650243
13.8847448825836,-1.41909728679161,-0.956249044758206,3.30090333334294,3.54529542069441
13.9166722297668,-1.42500370312793,-0.95143655252402,3.27506586369855,3.5259094949672
13.9431896209717,-1.42992340441951,-0.946927065092784,3.25284995037349,3.50963313874326
13.9719724655151,-1.43527992028385,-0.941508746707896,3.22795473952634,3.49179584973152
13.9981343746185,-1.44016470625138,-0.936114004664264,3.20461924756602,3.4754358648725
14.0288858413696,-1.44592668434213,-0.929205584204464,3.17632952566138,3.45603442319242
14.0572712421417,-1.45126486069408,-0.922289891897817,3.14939406245102,3.43796716854132
14.083637714386,-1.45623978498416,-0.915407837587523,3.12367157238997,3.42105263880035
14.11301612854,-1.46180077123378,-0.907226112405621,3.09422035242179,3.40205937295404
14.1480689048767,-1.46845840082369,-0.896766232020918,3.05800394561422,3.3791996654258
14.176301240921,-1.47383646114214,-0.887798413696877,3.02799525330091,3.36063389469854
14.2033069133759,-1.47899216099468,-0.878774402145583,2.99860158837581,3.34274782829171
14.2321016788483,-1.48449942864242,-0.868680426164872,2.96653182745835,3.32354142808807
14.2604899406433,-1.48993666824207,-0.858260436511061,2.93419286524454,3.30447057557044
14.2901306152344,-1.49561917742171,-0.846893904971454,2.8996790272808,3.28441596382053
